{"cameraMode":{"drawMode":0,"name":"Shaded","section":"Shading Mode"},"sceneLighting":true,"audioPlay":false,"sceneViewState":{"showFog":true,"showMaterialUpdate":true,"showSkybox":true,"showFlares":true,"showImageEffects":true,"showParticleSystems":true},"in2DMode":false,"pivot":{"x":363.4995422363281,"y":-1.760420322418213,"z":-0.27321141958236697},"rotation":{"x":-0.03780018538236618,"y":0.04287822172045708,"z":-0.0009956804569810629,"w":-0.9984758496284485},"size":10.269417762756348,"orthographic":false}