{"cameraMode":{"drawMode":0,"name":"Shaded","section":"Shading Mode"},"sceneLighting":true,"audioPlay":false,"sceneViewState":{"showFog":true,"showMaterialUpdate":true,"showSkybox":true,"showFlares":true,"showImageEffects":true,"showParticleSystems":true},"in2DMode":false,"pivot":{"x":546.5762329101563,"y":-1.8265297412872315,"z":6.953906059265137},"rotation":{"x":-0.05126108229160309,"y":-0.030547915026545526,"z":0.0018849251791834832,"w":-0.9983180165290833},"size":10.269444465637207,"orthographic":false}